<?xml version="1.0" encoding="ascii"?>
<history><client name="pkg" version="1.122.2-50.2809"><args><arg><![CDATA[/znfs/repine/export3/UC2.0/pkg-toolkit-sunos-sparc-uc2.3-u3/pkg/bin/client.py]]></arg><arg><![CDATA[image-create]]></arg><arg><![CDATA[-U]]></arg><arg><![CDATA[-a]]></arg><arg><![CDATA[stable.glassfish.org=http://localhost:16500/]]></arg><arg><![CDATA[target/local_image/glassfish/glassfish3]]></arg></args></client><operation end_time="20110215T074355Z" name="image-create" result="Succeeded" start_time="20110215T074355Z" userid="10" username="java_re"/></history>