<?xml version="1.0" encoding="ascii"?>
<history><client name="pkg" version="1.122.2-50.2809"><args><arg><![CDATA[/znfs/repine/export3/UC2.0/pkg-toolkit-sunos-sparc-uc2.3-u3/pkg/bin/client.py]]></arg><arg><![CDATA[set-authority]]></arg><arg><![CDATA[-O]]></arg><arg><![CDATA[http://pkg.glassfish.org/v3/dev/]]></arg><arg><![CDATA[dev.glassfish.org]]></arg></args></client><operation end_time="20110215T074408Z" name="add-publisher" result="Succeeded" start_time="20110215T074407Z" userid="10" username="java_re"/></history>