<?xml version="1.0" encoding="ascii"?>
<history><client name="pkg" version="1.122.2-50.2809"><args><arg><![CDATA[/znfs/repine/export3/UC2.0/pkg-toolkit-sunos-sparc-uc2.3-u3/pkg/bin/client.py]]></arg><arg><![CDATA[install]]></arg><arg><![CDATA[javadb-common]]></arg></args></client><operation end_time="20110215T075135Z" name="install" result="Succeeded" start_time="20110215T075134Z" userid="10" username="java_re"><start_state><![CDATA[UNEVALUATED:
+pkg:/javadb-common@10.6.2.1,0-1:20101213T185828Z
]]></start_state><end_state><![CDATA[None -> pkg:/javadb-common@10.6.2.1,0-1:20101213T185828Z
]]></end_state></operation></history>