<?xml version="1.0" encoding="ascii"?>
<history><client name="pkg" version="1.122.2-50.2809"><args><arg><![CDATA[/znfs/repine/export3/UC2.0/pkg-toolkit-sunos-sparc-uc2.3-u3/pkg/bin/client.py]]></arg><arg><![CDATA[install]]></arg><arg><![CDATA[glassfish-javahelp]]></arg></args></client><operation end_time="20110215T075055Z" name="install" result="Succeeded" start_time="20110215T075055Z" userid="10" username="java_re"><start_state><![CDATA[UNEVALUATED:
+pkg:/glassfish-javahelp@2.0.2,0-1:20110215T071001Z
]]></start_state><end_state><![CDATA[None -> pkg:/glassfish-javahelp@2.0.2,0-1:20110215T071001Z
]]></end_state></operation></history>