<?xml version="1.0" encoding="ascii"?>
<history><client name="pkg" version="1.122.2-50.2809"><args><arg><![CDATA[/znfs/repine/export3/UC2.0/pkg-toolkit-sunos-sparc-uc2.3-u3/pkg/bin/client.py]]></arg><arg><![CDATA[install]]></arg><arg><![CDATA[jersey]]></arg></args></client><operation end_time="20110215T075102Z" name="install" result="Succeeded" start_time="20110215T075101Z" userid="10" username="java_re"><start_state><![CDATA[UNEVALUATED:
+pkg:/jersey@1.5,0-1.0:20110215T072802Z
]]></start_state><end_state><![CDATA[None -> pkg:/jersey@1.5,0-1.0:20110215T072802Z
]]></end_state></operation></history>