<?xml version="1.0" encoding="ascii"?>
<history><client name="pkg" version="1.122.2-38.2791"><args><arg><![CDATA[/net/repine.sfbay/export3/UC2.0/pkg-toolkit-sunos-sparc-uc2.3-u2/pkg/bin/client.py]]></arg><arg><![CDATA[install]]></arg><arg><![CDATA[glassfish-corba-base]]></arg></args></client><operation end_time="20100608T224401Z" name="install" result="Nothing to do" start_time="20100608T224401Z" userid="10" username="java_re"><start_state><![CDATA[UNEVALUATED:
]]></start_state></operation></history>