<?xml version="1.0" encoding="ascii"?>
<history><client name="pkg" version="1.122.2-38.2791"><args><arg><![CDATA[/net/repine.sfbay/export3/UC2.0/pkg-toolkit-sunos-sparc-uc2.3-u2/pkg/bin/client.py]]></arg><arg><![CDATA[install]]></arg><arg><![CDATA[javadb-common]]></arg></args></client><operation end_time="20100608T225718Z" name="install" result="Succeeded" start_time="20100608T225715Z" userid="10" username="java_re"><start_state><![CDATA[UNEVALUATED:
+pkg:/javadb-common@10.5.3.0,0-1:20090924T200906Z
]]></start_state><end_state><![CDATA[None -> pkg:/javadb-common@10.5.3.0,0-1:20090924T200906Z
]]></end_state></operation></history>