<?xml version="1.0" encoding="ascii"?>
<history><client name="pkg" version="1.122.2-38.2791"><args><arg><![CDATA[/net/repine.sfbay/export3/UC2.0/pkg-toolkit-sunos-sparc-uc2.3-u2/pkg/bin/client.py]]></arg><arg><![CDATA[install]]></arg><arg><![CDATA[glassfish-grizzly-full]]></arg></args></client><operation end_time="20100608T224103Z" name="install" result="Succeeded" start_time="20100608T224102Z" userid="10" username="java_re"><start_state><![CDATA[UNEVALUATED:
+pkg:/glassfish-grizzly-full@1.9.18,0-10:20100608T220007Z
]]></start_state><end_state><![CDATA[None -> pkg:/glassfish-grizzly-full@1.9.18,0-10:20100608T220007Z
]]></end_state></operation></history>