<?xml version="1.0" encoding="ascii"?>
<history><client name="pkg" version="1.122.2-38.2791"><args><arg><![CDATA[/net/repine.sfbay/export3/UC2.0/pkg-toolkit-sunos-sparc-uc2.3-u2/pkg/bin/client.py]]></arg><arg><![CDATA[set-authority]]></arg><arg><![CDATA[-O]]></arg><arg><![CDATA[http://pkg.sun.com/glassfish/v3/contrib/]]></arg><arg><![CDATA[contrib.glassfish.sun.com]]></arg></args></client><operation end_time="20100608T223627Z" name="add-publisher" result="Succeeded" start_time="20100608T223625Z" userid="10" username="java_re"/></history>