<?xml version="1.0" encoding="ascii"?>
<history><client name="pkg" version="1.122.2-38.2791"><args><arg><![CDATA[/net/repine.sfbay/export3/UC2.0/pkg-toolkit-sunos-sparc-uc2.3-u2/pkg/bin/client.py]]></arg><arg><![CDATA[install]]></arg><arg><![CDATA[glassfish-jsf]]></arg></args></client><operation end_time="20100608T224410Z" name="install" result="Succeeded" start_time="20100608T224407Z" userid="10" username="java_re"><start_state><![CDATA[UNEVALUATED:
+pkg:/glassfish-jsf@2.0.2,0-10:20100608T221016Z
]]></start_state><end_state><![CDATA[None -> pkg:/glassfish-jsf@2.0.2,0-10:20100608T221016Z
None -> pkg:/glassfish-web@3.0.1,0-22:20100608T221251Z
]]></end_state></operation></history>