<?xml version="1.0" encoding="ascii"?>
<history><client name="pkg" version="1.122.2-38.2791"><args><arg><![CDATA[/net/repine.sfbay/export3/UC2.0/pkg-toolkit-sunos-sparc-uc2.3-u2/pkg/bin/client.py]]></arg><arg><![CDATA[install]]></arg><arg><![CDATA[mq-server]]></arg></args></client><operation end_time="20100608T230255Z" name="install" result="Succeeded" start_time="20100608T230249Z" userid="10" username="java_re"><start_state><![CDATA[UNEVALUATED:
+pkg:/mq-server@4.4.2,0-5.1:20100515T073320Z
]]></start_state><end_state><![CDATA[None -> pkg:/mq-server@4.4.2,0-5.1:20100515T073320Z
None -> pkg:/mq-bin-sh@4.4.2,0-5.1:20100515T073317Z
]]></end_state></operation></history>