<?xml version="1.0" encoding="ascii"?>
<history><client name="pkg" version="1.122.2-38.2791"><args><arg><![CDATA[/net/repine.sfbay/export3/UC2.0/pkg-toolkit-sunos-sparc-uc2.3-u2/pkg/bin/client.py]]></arg><arg><![CDATA[install]]></arg><arg><![CDATA[metro]]></arg></args></client><operation end_time="20100608T230239Z" name="install" result="Succeeded" start_time="20100608T230234Z" userid="10" username="java_re"><start_state><![CDATA[UNEVALUATED:
+pkg:/metro@2.0.1,0-0:20100608T222421Z
]]></start_state><end_state><![CDATA[None -> pkg:/metro@2.0.1,0-0:20100608T222421Z
]]></end_state></operation></history>