<?xml version="1.0" encoding="ascii"?>
<history><client name="pkg" version="1.122.2-38.2791"><args><arg><![CDATA[/net/repine.sfbay/export3/UC2.0/pkg-toolkit-sunos-sparc-uc2.3-u2/pkg/bin/client.py]]></arg><arg><![CDATA[image-create]]></arg><arg><![CDATA[-U]]></arg><arg><![CDATA[-a]]></arg><arg><![CDATA[stable.glassfish.org=http://repine.sfbay:16001/]]></arg><arg><![CDATA[target/local_image/glassfish/glassfishv3]]></arg></args></client><operation end_time="20100608T223610Z" name="add-publisher" result="Succeeded" start_time="20100608T223610Z" userid="10" username="java_re"/></history>