<?xml version="1.0" encoding="ascii"?>
<history><client name="pkg" version="1.122.2-38.2791"><args><arg><![CDATA[/net/repine.sfbay/export3/UC2.0/pkg-toolkit-sunos-sparc-uc2.3-u2/pkg/bin/client.py]]></arg><arg><![CDATA[install]]></arg><arg><![CDATA[glassfish-common]]></arg></args></client><operation end_time="20100608T224343Z" name="install" result="Succeeded" start_time="20100608T224338Z" userid="10" username="java_re"><start_state><![CDATA[UNEVALUATED:
+pkg:/glassfish-common@3.0.1,0-22:20100608T223142Z
]]></start_state><end_state><![CDATA[None -> pkg:/glassfish-common@3.0.1,0-22:20100608T223142Z
None -> pkg:/glassfish-corba-base@3.0.0,0-41:20100608T220031Z
]]></end_state></operation></history>