<?xml version="1.0" encoding="ascii"?>
<history><client name="pkg" version="1.122.2-38.2791"><args><arg><![CDATA[/net/repine.sfbay/export3/UC2.0/pkg-toolkit-sunos-sparc-uc2.3-u2/pkg/bin/client.py]]></arg><arg><![CDATA[install]]></arg><arg><![CDATA[glassfish-javahelp]]></arg></args></client><operation end_time="20100608T224345Z" name="install" result="Succeeded" start_time="20100608T224344Z" userid="10" username="java_re"><start_state><![CDATA[UNEVALUATED:
+pkg:/glassfish-javahelp@2.0.2,0-0:20100608T220533Z
]]></start_state><end_state><![CDATA[None -> pkg:/glassfish-javahelp@2.0.2,0-0:20100608T220533Z
]]></end_state></operation></history>